{"r2": {"test": 0.2481036325773024, "train": 0.6554814681102598}, "mean absolute error": {"test": 0.6988391611063952, "train": 0.470516822017802}, "mean squared error": {"test": 0.8047614956246489, "train": 0.3812338401086025}, "root mean squared error": {"test": 0.8970849991080271, "train": 0.6174413657252019}}