{"r2": {"test": 0.24382731440063166, "train": 0.6581416082507314}, "mean absolute error": {"test": 0.7005838271333913, "train": 0.4708885836463719}, "mean squared error": {"test": 0.8093384777204938, "train": 0.378290209078317}, "root mean squared error": {"test": 0.8996324125555358, "train": 0.6150530132259471}}