{"r2": {"test": 0.23461154223012648, "train": 0.6635996802162004}, "mean absolute error": {"test": 0.704401660484992, "train": 0.4684878502449317}, "mean squared error": {"test": 0.819202202186531, "train": 0.3722504708860888}, "root mean squared error": {"test": 0.9050978964656425, "train": 0.6101233243255734}}