{"r2": {"test": 0.24128342704415118, "train": 0.6634261318936245}, "mean absolute error": {"test": 0.701815986187945, "train": 0.4665488108927137}, "mean squared error": {"test": 0.8120612234104606, "train": 0.37244251423742053}, "root mean squared error": {"test": 0.9011443965372368, "train": 0.610280684797922}}